{"train_loss":0.8328904080986976,"_step":16,"epoch":0,"_timestamp":1.737283812376865e+09,"iter":1400,"_wandb":{"runtime":833},"_runtime":397.503304,"val_loss":0.48410216118892035,"loss":0.23340779542922974}