{"train_loss":0.5544234592368206,"_wandb":{"runtime":995},"_timestamp":1.7372846540536141e+09,"epoch":0,"_runtime":399.652274,"loss":0.31171801686286926,"val_loss":0.3893001961310705,"_step":16,"iter":1400}